{
  "A,_,_,_,_,_,_,_,_,_": {
    "-LTdX1RCzLGV45h0lNeK": {
      "data": {
        "3c:7a:8a:96:87:00": -44,
        "3c:7a:8a:96:87:06": -53,
        "3e:7a:8a:96:87:00": -47,
        "4e:7a:8a:96:87:00": -47,
        "4e:7a:8a:96:87:06": -53,
        "5c:8f:e0:6a:d0:e1": -79,
        "5c:8f:e0:b9:94:ec": -85,
        "5c:b0:66:06:46:0a": -86,
        "5c:b0:66:36:b7:d0": -80,
        "6e:7a:8a:96:87:06": -54,
        "6e:8f:e0:6a:d0:dc": -81,
        "6e:8f:e0:6a:d0:e1": -79,
        "6e:b0:66:36:b7:d0": -87,
        "8e:8f:e0:6a:d0:e1": -80
      },
      "time": "2018-12-13 21:45:31 UTC"
    },
    "-LTdX243CWTeeHYbg8Ap": {
      "data": {
        "3c:7a:8a:96:87:00": -44,
        "3c:7a:8a:96:87:06": -53,
        "3e:7a:8a:96:87:00": -47,
        "4e:7a:8a:96:87:00": -47,
        "4e:7a:8a:96:87:06": -53,
        "5c:8f:e0:6a:d0:e1": -79,
        "5c:8f:e0:b9:94:ec": -85,
        "5c:b0:66:06:46:0a": -86,
        "5c:b0:66:36:b7:d0": -80,
        "6e:7a:8a:96:87:06": -54,
        "6e:8f:e0:6a:d0:dc": -81,
        "6e:8f:e0:6a:d0:e1": -79,
        "6e:b0:66:36:b7:d0": -87,
        "8e:8f:e0:6a:d0:e1": -80
      },
      "time": "2018-12-13 21:45:33 UTC"
    },
    "-LTdX2JnR8ORh2UTstXx": {
      "data": {
        "3c:7a:8a:96:87:00": -44,
        "3c:7a:8a:96:87:06": -53,
        "3e:7a:8a:96:87:00": -47,
        "4e:7a:8a:96:87:00": -47,
        "4e:7a:8a:96:87:06": -53,
        "5c:8f:e0:6a:d0:e1": -79,
        "5c:8f:e0:b9:94:ec": -85,
        "5c:b0:66:06:46:0a": -86,
        "5c:b0:66:36:b7:d0": -80,
        "6e:7a:8a:96:87:06": -54,
        "6e:8f:e0:6a:d0:dc": -81,
        "6e:8f:e0:6a:d0:e1": -79,
        "6e:b0:66:36:b7:d0": -87,
        "8e:8f:e0:6a:d0:e1": -80
      },
      "time": "2018-12-13 21:45:34 UTC"
    },
    "-LTdX2WWJsa-_NGM_9Rh": {
      "data": {
        "3c:7a:8a:96:87:00": -44,
        "3c:7a:8a:96:87:06": -53,
        "3e:7a:8a:96:87:00": -47,
        "4e:7a:8a:96:87:00": -47,
        "4e:7a:8a:96:87:06": -53,
        "5c:8f:e0:6a:d0:e1": -79,
        "5c:8f:e0:b9:94:ec": -85,
        "5c:b0:66:06:46:0a": -86,
        "5c:b0:66:36:b7:d0": -80,
        "6e:7a:8a:96:87:06": -54,
        "6e:8f:e0:6a:d0:dc": -81,
        "6e:8f:e0:6a:d0:e1": -79,
        "6e:b0:66:36:b7:d0": -87,
        "8e:8f:e0:6a:d0:e1": -80
      },
      "time": "2018-12-13 21:45:35 UTC"
    },
    "-LTdX2iPYtcsBmwsKC9m": {
      "data": {
        "00:71:c2:94:a3:d0": -82,
        "00:71:c2:af:02:82": -87,
        "1a:05:01:12:06:00": -89,
        "3c:7a:8a:96:87:00": -45,
        "3c:7a:8a:96:87:06": -57,
        "4e:7a:8a:96:87:00": -50,
        "4e:7a:8a:96:87:06": -59,
        "54:a6:5c:f4:13:27": -79,
        "5c:8f:e0:6a:d0:dc": -75,
        "6e:7a:8a:96:87:06": -59,
        "6e:8f:e0:6a:d0:dc": -71,
        "6e:b0:66:36:b7:d0": -85,
        "7e:7a:8a:96:87:00": -46,
        "9e:8f:e0:6a:d0:dc": -72
      },
      "time": "2018-12-13 21:45:36 UTC"
    },
    "-LTdX2upn5K5aQ8ZMz6t": {
      "data": {
        "00:71:c2:94:a3:d0": -82,
        "00:71:c2:af:02:82": -87,
        "1a:05:01:12:06:00": -89,
        "3c:7a:8a:96:87:00": -45,
        "3c:7a:8a:96:87:06": -57,
        "4e:7a:8a:96:87:00": -50,
        "4e:7a:8a:96:87:06": -59,
        "54:a6:5c:f4:13:27": -79,
        "5c:8f:e0:6a:d0:dc": -75,
        "6e:7a:8a:96:87:06": -59,
        "6e:8f:e0:6a:d0:dc": -71,
        "6e:b0:66:36:b7:d0": -85,
        "7e:7a:8a:96:87:00": -46,
        "9e:8f:e0:6a:d0:dc": -72
      },
      "time": "2018-12-13 21:45:37 UTC"
    },
    "-LTdX34XdQ9OZZ5wZqvb": {
      "data": {
        "00:71:c2:94:a3:d0": -82,
        "00:71:c2:af:02:82": -87,
        "1a:05:01:12:06:00": -89,
        "3c:7a:8a:96:87:00": -45,
        "3c:7a:8a:96:87:06": -57,
        "4e:7a:8a:96:87:00": -50,
        "4e:7a:8a:96:87:06": -59,
        "54:a6:5c:f4:13:27": -79,
        "5c:8f:e0:6a:d0:dc": -75,
        "6e:7a:8a:96:87:06": -59,
        "6e:8f:e0:6a:d0:dc": -71,
        "6e:b0:66:36:b7:d0": -85,
        "7e:7a:8a:96:87:00": -46,
        "9e:8f:e0:6a:d0:dc": -72
      },
      "time": "2018-12-13 21:45:37 UTC"
    },
    "-LTdX3HHbT7zw4hgwfQC": {
      "data": {
        "00:71:c2:94:a3:d0": -82,
        "00:71:c2:af:02:82": -87,
        "1a:05:01:12:06:00": -89,
        "3c:7a:8a:96:87:00": -45,
        "3c:7a:8a:96:87:06": -57,
        "4e:7a:8a:96:87:00": -50,
        "4e:7a:8a:96:87:06": -59,
        "54:a6:5c:f4:13:27": -79,
        "5c:8f:e0:6a:d0:dc": -75,
        "6e:7a:8a:96:87:06": -59,
        "6e:8f:e0:6a:d0:dc": -71,
        "6e:b0:66:36:b7:d0": -85,
        "7e:7a:8a:96:87:00": -46,
        "9e:8f:e0:6a:d0:dc": -72
      },
      "time": "2018-12-13 21:45:38 UTC"
    },
    "-LTdX3RlfPofh6IV46GW": {
      "data": {
        "00:71:c2:94:a3:d0": -82,
        "00:71:c2:af:02:82": -87,
        "1a:05:01:12:06:00": -89,
        "3c:7a:8a:96:87:00": -45,
        "3c:7a:8a:96:87:06": -57,
        "4e:7a:8a:96:87:00": -50,
        "4e:7a:8a:96:87:06": -59,
        "54:a6:5c:f4:13:27": -79,
        "5c:8f:e0:6a:d0:dc": -75,
        "6e:7a:8a:96:87:06": -59,
        "6e:8f:e0:6a:d0:dc": -71,
        "6e:b0:66:36:b7:d0": -85,
        "7e:7a:8a:96:87:00": -46,
        "9e:8f:e0:6a:d0:dc": -72
      },
      "time": "2018-12-13 21:45:39 UTC"
    },
    "-LTdX3csO8ngHMgT8rO6": {
      "data": {
        "00:71:c2:94:a3:d0": -82,
        "00:71:c2:af:02:82": -87,
        "1a:05:01:12:06:00": -89,
        "3c:7a:8a:96:87:00": -45,
        "3c:7a:8a:96:87:06": -57,
        "4e:7a:8a:96:87:00": -50,
        "4e:7a:8a:96:87:06": -59,
        "54:a6:5c:f4:13:27": -79,
        "5c:8f:e0:6a:d0:dc": -75,
        "6e:7a:8a:96:87:06": -59,
        "6e:8f:e0:6a:d0:dc": -71,
        "6e:b0:66:36:b7:d0": -85,
        "7e:7a:8a:96:87:00": -46,
        "9e:8f:e0:6a:d0:dc": -72
      },
      "time": "2018-12-13 21:45:40 UTC"
    },
    "-LTdX3nlrpG8yHlHxzz8": {
      "data": {
        "00:71:c2:94:a3:d0": -82,
        "00:71:c2:af:02:82": -87,
        "1a:05:01:12:06:00": -89,
        "3c:7a:8a:96:87:00": -45,
        "3c:7a:8a:96:87:06": -57,
        "4e:7a:8a:96:87:00": -50,
        "4e:7a:8a:96:87:06": -59,
        "54:a6:5c:f4:13:27": -79,
        "5c:8f:e0:6a:d0:dc": -75,
        "6e:7a:8a:96:87:06": -59,
        "6e:8f:e0:6a:d0:dc": -71,
        "6e:b0:66:36:b7:d0": -85,
        "7e:7a:8a:96:87:00": -46,
        "9e:8f:e0:6a:d0:dc": -72
      },
      "time": "2018-12-13 21:45:40 UTC"
    },
    "-LTdX3z8eNc1KtLHstA0": {
      "data": {
        "00:71:c2:94:a3:d0": -82,
        "00:71:c2:af:02:82": -87,
        "1a:05:01:12:06:00": -89,
        "3c:7a:8a:96:87:00": -45,
        "3c:7a:8a:96:87:06": -57,
        "4e:7a:8a:96:87:00": -50,
        "4e:7a:8a:96:87:06": -59,
        "54:a6:5c:f4:13:27": -79,
        "5c:8f:e0:6a:d0:dc": -75,
        "6e:7a:8a:96:87:06": -59,
        "6e:8f:e0:6a:d0:dc": -71,
        "6e:b0:66:36:b7:d0": -85,
        "7e:7a:8a:96:87:00": -46,
        "9e:8f:e0:6a:d0:dc": -72
      },
      "time": "2018-12-13 21:45:41 UTC"
    },
    "-LTdX49VpO6E1ekEnZHR": {
      "data": {
        "00:71:c2:94:a3:d0": -82,
        "00:71:c2:af:02:82": -87,
        "1a:05:01:12:06:00": -89,
        "3c:7a:8a:96:87:00": -45,
        "3c:7a:8a:96:87:06": -57,
        "4e:7a:8a:96:87:00": -50,
        "4e:7a:8a:96:87:06": -59,
        "54:a6:5c:f4:13:27": -79,
        "5c:8f:e0:6a:d0:dc": -75,
        "6e:7a:8a:96:87:06": -59,
        "6e:8f:e0:6a:d0:dc": -71,
        "6e:b0:66:36:b7:d0": -85,
        "7e:7a:8a:96:87:00": -46,
        "9e:8f:e0:6a:d0:dc": -72
      },
      "time": "2018-12-13 21:45:42 UTC"
    },
    "-LTdX4JyyIFgu7l4Osm_": {
      "data": {
        "00:71:c2:94:a3:d0": -82,
        "00:71:c2:af:02:82": -87,
        "1a:05:01:12:06:00": -89,
        "3c:7a:8a:96:87:00": -45,
        "3c:7a:8a:96:87:06": -57,
        "4e:7a:8a:96:87:00": -50,
        "4e:7a:8a:96:87:06": -59,
        "54:a6:5c:f4:13:27": -79,
        "5c:8f:e0:6a:d0:dc": -75,
        "6e:7a:8a:96:87:06": -59,
        "6e:8f:e0:6a:d0:dc": -71,
        "6e:b0:66:36:b7:d0": -85,
        "7e:7a:8a:96:87:00": -46,
        "9e:8f:e0:6a:d0:dc": -72
      },
      "time": "2018-12-13 21:45:43 UTC"
    },
    "-LTdX4U1Id9PS1k1U4MQ": {
      "data": {
        "00:71:c2:94:a3:d0": -82,
        "00:71:c2:af:02:82": -87,
        "1a:05:01:12:06:00": -89,
        "3c:7a:8a:96:87:00": -45,
        "3c:7a:8a:96:87:06": -57,
        "4e:7a:8a:96:87:00": -50,
        "4e:7a:8a:96:87:06": -59,
        "54:a6:5c:f4:13:27": -79,
        "5c:8f:e0:6a:d0:dc": -75,
        "6e:7a:8a:96:87:06": -59,
        "6e:8f:e0:6a:d0:dc": -71,
        "6e:b0:66:36:b7:d0": -85,
        "7e:7a:8a:96:87:00": -46,
        "9e:8f:e0:6a:d0:dc": -72
      },
      "time": "2018-12-13 21:45:43 UTC"
    },
    "-LTdX4cOTC80eUbj_1Bs": {
      "data": {
        "00:71:c2:94:a3:d0": -82,
        "00:71:c2:af:02:82": -87,
        "1a:05:01:12:06:00": -89,
        "3c:7a:8a:96:87:00": -45,
        "3c:7a:8a:96:87:06": -57,
        "4e:7a:8a:96:87:00": -50,
        "4e:7a:8a:96:87:06": -59,
        "54:a6:5c:f4:13:27": -79,
        "5c:8f:e0:6a:d0:dc": -75,
        "6e:7a:8a:96:87:06": -59,
        "6e:8f:e0:6a:d0:dc": -71,
        "6e:b0:66:36:b7:d0": -85,
        "7e:7a:8a:96:87:00": -46,
        "9e:8f:e0:6a:d0:dc": -72
      },
      "time": "2018-12-13 21:45:44 UTC"
    },
    "-LTdX4m_jx58vE6Odn3i": {
      "data": {
        "00:71:c2:94:a3:d0": -82,
        "00:71:c2:af:02:82": -87,
        "1a:05:01:12:06:00": -89,
        "3c:7a:8a:96:87:00": -45,
        "3c:7a:8a:96:87:06": -57,
        "4e:7a:8a:96:87:00": -50,
        "4e:7a:8a:96:87:06": -59,
        "54:a6:5c:f4:13:27": -79,
        "5c:8f:e0:6a:d0:dc": -75,
        "6e:7a:8a:96:87:06": -59,
        "6e:8f:e0:6a:d0:dc": -71,
        "6e:b0:66:36:b7:d0": -85,
        "7e:7a:8a:96:87:00": -46,
        "9e:8f:e0:6a:d0:dc": -72
      },
      "time": "2018-12-13 21:45:44 UTC"
    },
    "-LTdX4wKH9SeKb0rcZzL": {
      "data": {
        "00:71:c2:94:a3:d0": -82,
        "00:71:c2:af:02:82": -87,
        "1a:05:01:12:06:00": -89,
        "3c:7a:8a:96:87:00": -45,
        "3c:7a:8a:96:87:06": -57,
        "4e:7a:8a:96:87:00": -50,
        "4e:7a:8a:96:87:06": -59,
        "54:a6:5c:f4:13:27": -79,
        "5c:8f:e0:6a:d0:dc": -75,
        "6e:7a:8a:96:87:06": -59,
        "6e:8f:e0:6a:d0:dc": -71,
        "6e:b0:66:36:b7:d0": -85,
        "7e:7a:8a:96:87:00": -46,
        "9e:8f:e0:6a:d0:dc": -72
      },
      "time": "2018-12-13 21:45:45 UTC"
    },
    "-LTdX54st1VxubpGakaf": {
      "data": {
        "00:71:c2:94:a3:d0": -82,
        "00:71:c2:af:02:82": -87,
        "1a:05:01:12:06:00": -89,
        "3c:7a:8a:96:87:00": -45,
        "3c:7a:8a:96:87:06": -57,
        "4e:7a:8a:96:87:00": -50,
        "4e:7a:8a:96:87:06": -59,
        "54:a6:5c:f4:13:27": -79,
        "5c:8f:e0:6a:d0:dc": -75,
        "6e:7a:8a:96:87:06": -59,
        "6e:8f:e0:6a:d0:dc": -71,
        "6e:b0:66:36:b7:d0": -85,
        "7e:7a:8a:96:87:00": -46,
        "9e:8f:e0:6a:d0:dc": -72
      },
      "time": "2018-12-13 21:45:46 UTC"
    },
    "-LTdX5EqIYJQJzFekSRD": {
      "data": {
        "00:71:c2:94:a3:d0": -82,
        "00:71:c2:af:02:82": -87,
        "1a:05:01:12:06:00": -89,
        "3c:7a:8a:96:87:00": -45,
        "3c:7a:8a:96:87:06": -57,
        "4e:7a:8a:96:87:00": -50,
        "4e:7a:8a:96:87:06": -59,
        "54:a6:5c:f4:13:27": -79,
        "5c:8f:e0:6a:d0:dc": -75,
        "6e:7a:8a:96:87:06": -59,
        "6e:8f:e0:6a:d0:dc": -71,
        "6e:b0:66:36:b7:d0": -85,
        "7e:7a:8a:96:87:00": -46,
        "9e:8f:e0:6a:d0:dc": -72
      },
      "time": "2018-12-13 21:45:46 UTC"
    }
  },
  "B,_,_,_,_,_,_,_,_,_": {
    "-LTdYxI9TBw57pyi3MrB": {
      "data": {
        "00:71:c2:94:a3:d0": -82,
        "00:71:c2:af:02:82": -87,
        "1a:05:01:12:06:00": -89,
        "3c:7a:8a:96:87:00": -45,
        "3c:7a:8a:96:87:06": -57,
        "4e:7a:8a:96:87:00": -50,
        "4e:7a:8a:96:87:06": -59,
        "54:a6:5c:f4:13:27": -79,
        "5c:8f:e0:6a:d0:dc": -75,
        "6e:7a:8a:96:87:06": -59,
        "6e:8f:e0:6a:d0:dc": -71,
        "6e:b0:66:36:b7:d0": -85,
        "7e:7a:8a:96:87:00": -46,
        "9e:8f:e0:6a:d0:dc": -72
      },
      "time": "2018-12-13 21:53:54 UTC"
    },
    "-LTdYxUsFMFWKSX7mu9q": {
      "data": {
        "00:71:c2:94:a3:d0": -82,
        "00:71:c2:af:02:82": -87,
        "1a:05:01:12:06:00": -89,
        "3c:7a:8a:96:87:00": -45,
        "3c:7a:8a:96:87:06": -57,
        "4e:7a:8a:96:87:00": -50,
        "4e:7a:8a:96:87:06": -59,
        "54:a6:5c:f4:13:27": -79,
        "5c:8f:e0:6a:d0:dc": -75,
        "6e:7a:8a:96:87:06": -59,
        "6e:8f:e0:6a:d0:dc": -71,
        "6e:b0:66:36:b7:d0": -85,
        "7e:7a:8a:96:87:00": -46,
        "9e:8f:e0:6a:d0:dc": -72
      },
      "time": "2018-12-13 21:53:55 UTC"
    },
    "-LTdYxfZQbNa326YxJmd": {
      "data": {
        "00:71:c2:94:a3:d0": -82,
        "00:71:c2:af:02:82": -87,
        "1a:05:01:12:06:00": -89,
        "3c:7a:8a:96:87:00": -45,
        "3c:7a:8a:96:87:06": -57,
        "4e:7a:8a:96:87:00": -50,
        "4e:7a:8a:96:87:06": -59,
        "54:a6:5c:f4:13:27": -79,
        "5c:8f:e0:6a:d0:dc": -75,
        "6e:7a:8a:96:87:06": -59,
        "6e:8f:e0:6a:d0:dc": -71,
        "6e:b0:66:36:b7:d0": -85,
        "7e:7a:8a:96:87:00": -46,
        "9e:8f:e0:6a:d0:dc": -72
      },
      "time": "2018-12-13 21:53:55 UTC"
    },
    "-LTdYxpAE96NMOSdvysO": {
      "data": {
        "00:71:c2:94:a3:d0": -82,
        "00:71:c2:af:02:82": -87,
        "1a:05:01:12:06:00": -89,
        "3c:7a:8a:96:87:00": -45,
        "3c:7a:8a:96:87:06": -57,
        "4e:7a:8a:96:87:00": -50,
        "4e:7a:8a:96:87:06": -59,
        "54:a6:5c:f4:13:27": -79,
        "5c:8f:e0:6a:d0:dc": -75,
        "6e:7a:8a:96:87:06": -59,
        "6e:8f:e0:6a:d0:dc": -71,
        "6e:b0:66:36:b7:d0": -85,
        "7e:7a:8a:96:87:00": -46,
        "9e:8f:e0:6a:d0:dc": -72
      },
      "time": "2018-12-13 21:53:56 UTC"
    },
    "-LTdYxyjHDx7N8mqW8Ul": {
      "data": {
        "00:71:c2:94:a3:d0": -82,
        "00:71:c2:af:02:82": -87,
        "1a:05:01:12:06:00": -89,
        "3c:7a:8a:96:87:00": -45,
        "3c:7a:8a:96:87:06": -57,
        "4e:7a:8a:96:87:00": -50,
        "4e:7a:8a:96:87:06": -59,
        "54:a6:5c:f4:13:27": -79,
        "5c:8f:e0:6a:d0:dc": -75,
        "6e:7a:8a:96:87:06": -59,
        "6e:8f:e0:6a:d0:dc": -71,
        "6e:b0:66:36:b7:d0": -85,
        "7e:7a:8a:96:87:00": -46,
        "9e:8f:e0:6a:d0:dc": -72
      },
      "time": "2018-12-13 21:53:57 UTC"
    },
    "-LTdYy80i19HGzuBaM7N": {
      "data": {
        "00:71:c2:94:a3:d0": -82,
        "00:71:c2:af:02:82": -87,
        "1a:05:01:12:06:00": -89,
        "3c:7a:8a:96:87:00": -45,
        "3c:7a:8a:96:87:06": -57,
        "4e:7a:8a:96:87:00": -50,
        "4e:7a:8a:96:87:06": -59,
        "54:a6:5c:f4:13:27": -79,
        "5c:8f:e0:6a:d0:dc": -75,
        "6e:7a:8a:96:87:06": -59,
        "6e:8f:e0:6a:d0:dc": -71,
        "6e:b0:66:36:b7:d0": -85,
        "7e:7a:8a:96:87:00": -46,
        "9e:8f:e0:6a:d0:dc": -72
      },
      "time": "2018-12-13 21:53:57 UTC"
    },
    "-LTdYyHGuQy0Gib1OI-e": {
      "data": {
        "00:71:c2:94:a3:d0": -82,
        "00:71:c2:af:02:82": -87,
        "1a:05:01:12:06:00": -89,
        "3c:7a:8a:96:87:00": -45,
        "3c:7a:8a:96:87:06": -57,
        "4e:7a:8a:96:87:00": -50,
        "4e:7a:8a:96:87:06": -59,
        "54:a6:5c:f4:13:27": -79,
        "5c:8f:e0:6a:d0:dc": -75,
        "6e:7a:8a:96:87:06": -59,
        "6e:8f:e0:6a:d0:dc": -71,
        "6e:b0:66:36:b7:d0": -85,
        "7e:7a:8a:96:87:00": -46,
        "9e:8f:e0:6a:d0:dc": -72
      },
      "time": "2018-12-13 21:53:58 UTC"
    },
    "-LTdYyPPrerUY9s_Z_WX": {
      "data": {
        "22:05:01:12:06:00": -90,
        "30:46:9a:91:96:f8": -84,
        "3c:7a:8a:96:87:00": -70,
        "3c:7a:8a:96:87:06": -70,
        "3e:7a:8a:96:87:00": -72,
        "4e:7a:8a:96:87:00": -72,
        "4e:7a:8a:96:87:06": -72,
        "5e:7a:8a:96:87:06": -71,
        "6e:7a:8a:96:87:06": -72,
        "96:ad:43:18:27:20": -88,
        "a4:56:cc:0a:70:51": -90,
        "a4:56:cc:0a:70:55": -89
      },
      "time": "2018-12-13 21:53:58 UTC"
    },
    "-LTdYyXKopuLZxiDTJm5": {
      "data": {
        "22:05:01:12:06:00": -90,
        "30:46:9a:91:96:f8": -84,
        "3c:7a:8a:96:87:00": -70,
        "3c:7a:8a:96:87:06": -70,
        "3e:7a:8a:96:87:00": -72,
        "4e:7a:8a:96:87:00": -72,
        "4e:7a:8a:96:87:06": -72,
        "5e:7a:8a:96:87:06": -71,
        "6e:7a:8a:96:87:06": -72,
        "96:ad:43:18:27:20": -88,
        "a4:56:cc:0a:70:51": -90,
        "a4:56:cc:0a:70:55": -89
      },
      "time": "2018-12-13 21:53:59 UTC"
    },
    "-LTdYygUr9b_0LAz1ZEv": {
      "data": {
        "22:05:01:12:06:00": -90,
        "30:46:9a:91:96:f8": -84,
        "3c:7a:8a:96:87:00": -70,
        "3c:7a:8a:96:87:06": -70,
        "3e:7a:8a:96:87:00": -72,
        "4e:7a:8a:96:87:00": -72,
        "4e:7a:8a:96:87:06": -72,
        "5e:7a:8a:96:87:06": -71,
        "6e:7a:8a:96:87:06": -72,
        "96:ad:43:18:27:20": -88,
        "a4:56:cc:0a:70:51": -90,
        "a4:56:cc:0a:70:55": -89
      },
      "time": "2018-12-13 21:54:00 UTC"
    },
    "-LTdYywDRfn0tooBu62T": {
      "data": {
        "22:05:01:12:06:00": -90,
        "30:46:9a:91:96:f8": -84,
        "3c:7a:8a:96:87:00": -70,
        "3c:7a:8a:96:87:06": -70,
        "3e:7a:8a:96:87:00": -72,
        "4e:7a:8a:96:87:00": -72,
        "4e:7a:8a:96:87:06": -72,
        "5e:7a:8a:96:87:06": -71,
        "6e:7a:8a:96:87:06": -72,
        "96:ad:43:18:27:20": -88,
        "a4:56:cc:0a:70:51": -90,
        "a4:56:cc:0a:70:55": -89
      },
      "time": "2018-12-13 21:54:01 UTC"
    },
    "-LTdYz6837_lJ6BmPR4v": {
      "data": {
        "22:05:01:12:06:00": -90,
        "30:46:9a:91:96:f8": -84,
        "3c:7a:8a:96:87:00": -70,
        "3c:7a:8a:96:87:06": -70,
        "3e:7a:8a:96:87:00": -72,
        "4e:7a:8a:96:87:00": -72,
        "4e:7a:8a:96:87:06": -72,
        "5e:7a:8a:96:87:06": -71,
        "6e:7a:8a:96:87:06": -72,
        "96:ad:43:18:27:20": -88,
        "a4:56:cc:0a:70:51": -90,
        "a4:56:cc:0a:70:55": -89
      },
      "time": "2018-12-13 21:54:01 UTC"
    },
    "-LTdYzG4EOrYyznirLrR": {
      "data": {
        "22:05:01:12:06:00": -90,
        "30:46:9a:91:96:f8": -84,
        "3c:7a:8a:96:87:00": -70,
        "3c:7a:8a:96:87:06": -70,
        "3e:7a:8a:96:87:00": -72,
        "4e:7a:8a:96:87:00": -72,
        "4e:7a:8a:96:87:06": -72,
        "5e:7a:8a:96:87:06": -71,
        "6e:7a:8a:96:87:06": -72,
        "96:ad:43:18:27:20": -88,
        "a4:56:cc:0a:70:51": -90,
        "a4:56:cc:0a:70:55": -89
      },
      "time": "2018-12-13 21:54:02 UTC"
    },
    "-LTdYzQCs-QkQ09aWGnb": {
      "data": {
        "22:05:01:12:06:00": -90,
        "30:46:9a:91:96:f8": -84,
        "3c:7a:8a:96:87:00": -70,
        "3c:7a:8a:96:87:06": -70,
        "3e:7a:8a:96:87:00": -72,
        "4e:7a:8a:96:87:00": -72,
        "4e:7a:8a:96:87:06": -72,
        "5e:7a:8a:96:87:06": -71,
        "6e:7a:8a:96:87:06": -72,
        "96:ad:43:18:27:20": -88,
        "a4:56:cc:0a:70:51": -90,
        "a4:56:cc:0a:70:55": -89
      },
      "time": "2018-12-13 21:54:03 UTC"
    },
    "-LTdYz_Qb0zAqhcXC590": {
      "data": {
        "22:05:01:12:06:00": -90,
        "30:46:9a:91:96:f8": -84,
        "3c:7a:8a:96:87:00": -70,
        "3c:7a:8a:96:87:06": -71,
        "3e:7a:8a:96:87:00": -72,
        "4e:7a:8a:96:87:00": -72,
        "4e:7a:8a:96:87:06": -72,
        "5e:7a:8a:96:87:06": -71,
        "6e:7a:8a:96:87:06": -72,
        "96:ad:43:18:27:20": -88,
        "a4:56:cc:0a:70:51": -90,
        "a4:56:cc:0a:70:55": -89
      },
      "time": "2018-12-13 21:54:03 UTC"
    },
    "-LTdYzkiJRdXxllcVwcB": {
      "data": {
        "22:05:01:12:06:00": -90,
        "30:46:9a:91:96:f8": -84,
        "3c:7a:8a:96:87:00": -70,
        "3c:7a:8a:96:87:06": -71,
        "3e:7a:8a:96:87:00": -72,
        "4e:7a:8a:96:87:00": -72,
        "4e:7a:8a:96:87:06": -72,
        "5e:7a:8a:96:87:06": -71,
        "6e:7a:8a:96:87:06": -72,
        "96:ad:43:18:27:20": -88,
        "a4:56:cc:0a:70:51": -90,
        "a4:56:cc:0a:70:55": -89
      },
      "time": "2018-12-13 21:54:04 UTC"
    },
    "-LTdYzuVzWUNJk-caW5A": {
      "data": {
        "22:05:01:12:06:00": -90,
        "30:46:9a:91:96:f8": -84,
        "3c:7a:8a:96:87:00": -70,
        "3c:7a:8a:96:87:06": -71,
        "3e:7a:8a:96:87:00": -72,
        "4e:7a:8a:96:87:00": -72,
        "4e:7a:8a:96:87:06": -72,
        "5e:7a:8a:96:87:06": -71,
        "6e:7a:8a:96:87:06": -72,
        "96:ad:43:18:27:20": -88,
        "a4:56:cc:0a:70:51": -90,
        "a4:56:cc:0a:70:55": -89
      },
      "time": "2018-12-13 21:54:05 UTC"
    },
    "-LTdZ-2QIND1MnyXHq78": {
      "data": {
        "22:05:01:12:06:00": -90,
        "30:46:9a:91:96:f8": -84,
        "3c:7a:8a:96:87:00": -70,
        "3c:7a:8a:96:87:06": -71,
        "3e:7a:8a:96:87:00": -72,
        "4e:7a:8a:96:87:00": -72,
        "4e:7a:8a:96:87:06": -72,
        "5e:7a:8a:96:87:06": -71,
        "6e:7a:8a:96:87:06": -72,
        "96:ad:43:18:27:20": -88,
        "a4:56:cc:0a:70:51": -90,
        "a4:56:cc:0a:70:55": -89
      },
      "time": "2018-12-13 21:54:05 UTC"
    },
    "-LTdZ-Ct17DWfqftTI99": {
      "data": {
        "22:05:01:12:06:00": -90,
        "30:46:9a:91:96:f8": -84,
        "3c:7a:8a:96:87:00": -70,
        "3c:7a:8a:96:87:06": -71,
        "3e:7a:8a:96:87:00": -72,
        "4e:7a:8a:96:87:00": -72,
        "4e:7a:8a:96:87:06": -72,
        "5e:7a:8a:96:87:06": -71,
        "6e:7a:8a:96:87:06": -72,
        "96:ad:43:18:27:20": -88,
        "a4:56:cc:0a:70:51": -90,
        "a4:56:cc:0a:70:55": -89
      },
      "time": "2018-12-13 21:54:06 UTC"
    },
    "-LTdZ-KzhiO8pD41M1U2": {
      "data": {
        "22:05:01:12:06:00": -90,
        "30:46:9a:91:96:f8": -84,
        "3c:7a:8a:96:87:00": -70,
        "3c:7a:8a:96:87:06": -71,
        "3e:7a:8a:96:87:00": -72,
        "4e:7a:8a:96:87:00": -72,
        "4e:7a:8a:96:87:06": -72,
        "5e:7a:8a:96:87:06": -71,
        "6e:7a:8a:96:87:06": -72,
        "96:ad:43:18:27:20": -88,
        "a4:56:cc:0a:70:51": -90,
        "a4:56:cc:0a:70:55": -89
      },
      "time": "2018-12-13 21:54:06 UTC"
    }
  }
}